invoice_no,invoice_date,vendor_name,vendor_gstin,buyer_gstin,taxable_value,cgst,sgst,igst,total_amount
INV-2026-001,2026-07-02,Sri Balaji Traders,33AAAPB1234C1Z5,33AAAPX5678D1Z2,50000,4500,4500,0,59000
INV-2026-002,2026-07-05,Tamilnadu Steel Works,33AAAPC9988E1Z1,33AAAPX5678D1Z2,120000,10800,10800,0,141600
INV-2026-003,2026-07-08,Chennai Electricals,29AAAPD4455F1Z9,33AAAPX5678D1Z2,32000,0,0,5760,37760
INV-2026-004,2026-07-10,Global Packaging Co,27AAAPE7788G1Z3,33AAAPX5678D1Z2,15000,1350,1350,0,15000
INV-2026-005,2026-07-11,Quickmart Supplies,33AAAPF2211H1Z6,33AAAPX5678D1Z2,8000,720,720,0,9440
INV-2026-005,2026-07-11,Quickmart Supplies,33AAAPF2211H1Z6,33AAAPX5678D1Z2,8000,720,720,0,9440
INV-2026-007,2026-07-13,Om Sai Hardware,33INVALIDGSTIN99,33AAAPX5678D1Z2,4500,405,405,0,5310
INV-2026-008,2026-07-14,Metro Cargo Movers,36AAAPI3344J1Z8,33AAAPX5678D1Z2,,900,900,0,10800
INV-2026-009,2026-07-15,Bright Future Textiles,33AAAPK5566L1Z4,33AAAPX5678D1Z2,25000,2250,2250,4500,25000
INV-2026-010,2026-07-16,Precision Auto Parts,33AAAPM7789N1Z7,33AAAPX5678D1Z2,200000,18000,18000,0,236000
